# --- EQUIPMENT & ZONES ---,
Air Handling Unit,AHU
Air Handler Unit,AHU
Air Terminal Unit,ATU
Battery,BATT
Boiler,BLR
Branch Selector,BS
Cabinet Unit Heater,CUH
Chemical Treatment,CHM
Chilled Beam,CHB
Chilled Water Pump,CHP
Chiller,CHL
Computer Room AC Unit,CRU
Computer Room Air Conditioner,CRAC
Condenser Water Pump,CWP
Cooling Tower,CTR
Dedicated Outside Air System,DOAS
Direct Expansion Cooling,DX
Domestic Hot Water,DHW
Domestic Water Pump,DWP
Electric Duct Heater,EDH
Elevator,ELEV
Evaporator,EVAP
Exhaust Fan,EF
Fan,FAN
Fan Coil Unit with DX cooling,FCX
Fan Coil Unit with Water coil,FCW
Fan Coil Unit,FCU
Fin Tube Radiator,FTR
Floor Heating System,FLH
Fume Hood,FH
Generator,GEN
Heat Exchanger,HTX
Heat Pump (Water Source),HPW
Heat Pump,HP
Heating Water Pump,HWP
Heating Water System,HW
Inverter L-ADIO,INV
Luminaire,LUM
Make-Up Air Unit,MAU
Power Distribution Unit,PDU
Relief Fan,REF
Return Fan,RF
Roof Top Unit,RTU
Sand Pump,SDP
Supply Fan,SF
Unit Heater,UH
Unit Ventilator,UV
Variable Refrigerant Flow,VRF
Zone,ZN
,
# --- SENSORS & MEASUREMENTS ---,
Amperage,AMP
Apparent Power,VA
Average,AVG
Barometric Pressure,BARO
British Thermal Units,BTU
Building Static Pressure,BSP
Cabinet Outdoor Air Temperature,OAC
Carbon Dioxide,CO2
Carbon Monoxide,CO
Cold Deck Temperature,CDT
Condensate,COND
Current (Amperes),AMP
Current,I
Dewpoint,DEW
Differential,DLT
Efficiency,EFF
Entering,ENT
Enthalpy,ENTH
Exhaust Velocity Pressure,EVP
Feels Like,FEELS
Frequency,HZ
Heat Coil Temperature,HCT
Hot Deck Temperature,HDT
Hot Water Return,HWR
Hot Water Supply,HWS
Leaving,LVG
Level Sensor,LVL
Light,LIT
Mixed Air Temperature,MAT
Outdoor Air Temperature,OAZ
Outside Enthalpy,OAE
Particulate Matter,PM
Power Factor,PF
Reactive Power,VAR
Reactive,REAC
Real Power,W
Relative Humidity,RH
Return Air Enthalpy,RAE
Return Air Humidity,RAH
Return Air Temperature,RAT
Return Static Pressure,RSP
Return Velocity Pressure,RVP
Return Water Temperature,RWT
Room Humidity,RMH
Room Temperature,RMT
Supply Air Humidity,SAH
Supply Air Temperature,SAT
Supply Static Pressure,SSP
Supply Velocity Pressure,SVP
Supply Water Temperature,SWT
Total Harmonic Distortion,THD
Total Volatile Organic Compound,TVOC
Voltage,V
Wet Bulb,WB
Zone Temperature,ZNT
,
# --- COMMANDS, MODES & SETPOINTS ---
Adjustable,ADJ
Bypass,BYP
Circulate,CIRC
Command,CMD
Constant Air Volume,CAV
Cool-Down Mode,CDM
Cool-Down Setpoint,CDS
Day Mode Switch Over,DYM
Day Mode,DYM
Day Save Time,DST
Dead Band Switch,DBS
Demand,DMD
Differential CFM Setpoint,DCS
Economizer Mode,ECM
Economizer Switch Set Point,DBS
Effective,EFF
Face and Bypass Damper Output,FBO
Flow Differential %,DSS
Heating Coil Valve Output,HCO
History,HIS
Humidifier Valve Output,HUO
Humidity Override Setpoint,HOS
Humidity Setpoint,HUS
Load,LD
Makeup,MKU
Mixed Air Damper Output,MAO
Mixed Air Minimum Position,MAM
Mixed Air Setpoint,MAS
Mode,MOD
Night Cooling Mode,NCM
Night Cooling Setpoint,NCS
Night Heating Mode,NHM
Night Heating Setpoint,NHS
Night Setback,NSB
Number Of,NO
Number,NO
Occupancy,OCC
Occupied Mode,OCC
Override,OVR
Purge,PRG
Quantity,QTY
Reheat,RHT
Return Air Setpoint,RAS
Return CFM Set Point,RCS
Return CFM,RCF
Return VFD Output,RVO
Run,RUN
Season,SEA
Setpoint,SP
SSTO Calc Start,SCS
SSTO Cool Temp,SCT
SSTO Early Start,SES
Standby,STBY
Static Pressure Setpoint,SPS
Supply Air Setpoint,SAS
Supply CFM,SCF
Supply Humidity Setpoint,SHS
Supply Static Setpoint,SSS
Supply VFD Output,SVO
Unoccupied,UNOCC
Variable Air Volume,VAV
Warm-Up Mode,WUM
Warm-Up Setpoint,WUS
Writable,WR
,
# --- PID GAINS & CONTROLLERS ---,
CFM I-Gain,IGC
CFM P-Gain,PGC
Heating Coil Controller,VR2
Heating Coil I-Gain,IG2
Heating Coil P-Gain,PG2
Humidity Controller,VRH
Mixed Air Temperature I-Gain,IGM
Mixed Air Temperature P-Gain,PGM
Return Humidity I-Gain,IG8
Return Humidity P-Gain,PG8
Static I-Gain,IG9
Static P-Gain,PG9
Supply Air Controller,VRT
Supply Humidity I-Gain,IG7
Supply Humidity P-Gain,PG7
Supply Temperature I-Gain,IGT
Supply Temperature P-Gain,PGT
,
# --- COMPONENTS & FLUIDS ---,
1st Stage DX Cooling,DX1
1st Stage Gas Heating,GH1
2nd Stage DX Cooling,DX2
2nd Stage Gas Heating,GH2
Alternating Current,AC
Bypass Contactor,BYP
Bypass Valve,BPV
Cold Deck Damper,CDD
Combustion Air Damper,CAD
Cooling Coil Pump,CCP
Cooling Coil Valve,CCV
Cooling,CLG
Direct Current,DC
Domestic Water,DOM
Duct,DCT
Exhaust Damper,EAD
Exhaust,EXH
Face and Bypass Damper,FBD
Face Bypass Damper,FBD
Filter,FLT
Flow Control Valve,FCV
Heat Stage,HTS
Heating Coil Pump,HCP
Heating Coil Valve,HCV
Heating,HTG
High/Low Speed Command,HLS
Hot Deck Damper,HDD
Humidity Valve,HUV
Inlet Vane,ILV
Isolation Damper,ISD
Isolation Valve,ISV
Mixed Air Damper,MAD
Natural Gas,NGAS
Outside Air Damper,OAD
Propane,PROP
Refrigerant,REFR
Return Fan,RAF
Return VFD,RVD
Return,RET
Start/Stop Command,SS
Steam,STM
Strobe,STB
Supply Air Damper,SAD
Supply Fan,SAF
Supply VFD,SVD
Supply,SUP
,
# --- SAFETY & ALARMS ---,
Alarm,ALM
Critical,CRIT
DX Cooling Stage,DXS
Emergency Power Off Button,EPO
Emergency Stop Switch,EMS
Enable Command,ENB
Fire Alarm,FIRE
Flame Failure,FF
Free Cooling Status,FC
High Static Pressure,HSP
High Temp Detector,HTD
Low Suction Pressure,LSP
Low Temp Detector,LTD
Magnetic Door Lock,DLK
Major,MAJ
Minor,MIN
Motion Sensor,MOT
Photocell,PHO
Proof,PRF
Return Fan High Static,RSP
Return Smoke Detector,RSD
Supply Smoke Detector,SSD
,
# --- ALC Built-in Rules ---,
Airflow,flow
Airflow Setpoint,flow_sp
Boiler Hot Water Return Temp,blr_rtemp
Boiler Hot Water Supply Temp,blr_stemp
Boiler Stage,"blr_stg1,blr_stg2"
Boiler Start/Stop,blr_enable
Boiler Status,boiler_status
Building Environmental Index,enviro_indx_tn
Building Static Pressure,bldg_press
CD Damper Position,cd_dmpr_pos
Chilled Water Return Temperature,chwr_temp
Chilled Water Supply Temperature,chws_temp
Chilled Water Valve,chw_valve
Chiller Start/Stop,chiller
Chiller Status,chiller_status
CHW Bypass Valve Output,chw_byp_vlv_output
CHW Delta Pressure,chw_dp
CHW Delta Water Pressure,delta_press
CHW Flow,chw_flow
CHW Isolation Valve,chw_iso_vlv
CHW Pump S/S,chw_pump
CHW Pump Status,chw_pump_status
CHW Pump VFD Output,chwp_vfd_output
CHWS Setpoint Reset Adjustment,chws_temp_reset
Cold Deck Supply Air Temperature Setpoint,cd_setpt
Cold Deck Temperature,cd_temp
Compressor Stage Start/Stop,comp_ss
Condenser Water Return Temperature,cwr_temp
Condenser Water Supply Basin Temperature,ctwr_basin_temp
Condenser Water Supply Temperature,cws_temp
Cooling Stage,clg_stg
Cooling Tower Bypass Valve,ct_bypass
Cooling Tower Damper,damper
Cooling Tower Fan High Speed,ct_fan_hi
Cooling Tower Fan Low Speed,ct_fan_lo
Cooling Tower Fan Start/Stop,ct_fan_ss
Cooling Tower Fan VFD Output,ct_vfd_output
Cooling Tower Spray Pump VFD,sprpmp_vfd
Cooling Tower Spray Pump VFD Start/Stop,spr_pump
Coolint Tower Vibration Shutdown Switch,vibr_switch
CW Isolation Valve,cw_iso_vlv
CW Pump Start/Stop,cw_pump_ss
CW Pump Status,cw_pump_status
Damper Position,dmpr_pos
Delta Pressure,delta_press
Discharge Air Temperature,da_temp
Economizer,econ
Evaporative Cooling Fan High Speed,ec_fan_hi
Evaporative Cooling Fan Low Speed,ec_fan_lo
Exhaust Air Damper,ea_damper
Exhaust Air Damper Output,exh_dmpr_output
Exhaust Fan High Speed,efan_hi
Exhaust Fan Low Speed,efan_lo
Exhaust Fan Medium Speed,efan_med
Exhaust Fan Start/Stop,efan
Exhaust Fan Status,ef_status
Exhaust Fan VFD Speed,ef_vfd_output
Face and Bypass,face_bypass
Fan High Speed,fan_hi
Fan Low Speed,fan_lo
Fan Medium Speed,fan_med
Fan Start/Stop,fan_run
Fan Status,fan_status
Filter Monitoring Status,filter_status
Freezestat,freezestat
HD Damper Position,hd_dmpr_pos
Heat Recovery Wheel Bypass Dampers,htwl_byp_damp
Heat Recovery Wheel Start/Stop,htwl
Heat Recovery Wheel Supply Air Temperature,htwl_sa_temp
Heat Recovery Wheel VFD,htwl_vfd
Heating Stage,"htg_stg1,htg_stg2"
High Static Pressure Switch,hi_static_sw
Highest Zone CO2 Level,znco2_hi
Hot Deck Supply Air Temperature Setpoint,hd_setpt
Hot Deck Temperature,hd_temp
Hot Water Mixing Valve,hwv
Hot Water Return Temp,hwr_temp
Hot Water Supply Temp,hws_temp
Hot Water Valve,hw_valve
Humidifier,humidifier
Humidifier Enable,humdfr_enable
HW Pump S/S,hw_pump
HW Pump Status,hwp_status
Mixed Air Damper,ma_damper
Mixed Air Temperature,ma_temp
Multizone Steam Valve,htg_stm_vlv
OA Damper,oa_damper
OA Fan S/S,oafan
OA Temp,oat
Outside Air Damper Endswitch,oad_endswitch
Outside Air Enthalpy,oa_enth
Outside Air Fan Status,oaf_status
Outside Air Flow,oa_cfm
Outside Air Temperature,oat_celsius_tn
Perimeter Heating Stage,phtg_stg
Preheating Stage,phtg_stg
Preheating Valve,pht_valve
Primary HWR Temp,pri_hwr_temp
Primary HWS Temp,pri_hws_temp
Pump Status,"p1_status,p2_status"
Refrigerant Shutdown,refrig_shutdown
Return Air CO2,ra_co2
Return Air Humidity,ra_humidity
Return Air Smoke Detector,smoke_detect_ra
Return Air Temperature,ra_temp
Return Air VOC,ra_voc
Return Fan Start/Stop,rfan
Return Fan Status,rf_status
Reversing Valve,rev_valve
Run-Around Loop Mixing Valve,er_valve
Run-Around Loop Pump Start/Stop,er_pump_ss
Run-Around Loop Pump Status,er_pump_status
Secondary HWR Temp,sec_hwr_temp
Secondary HWS Temp,sec_hws_temp
Spray Pump Start/Stop,spr_pump
Supply Air Humidity,sa_humidity
Supply Air Smoke Detector,smoke_detect_sa
Supply Air Temperature,sa_temp
Supply Air Temperature Setpoint,sa_setpt
Supply Fan Start/Stop,sfan
Supply Fan Status,sf_status
Supply Fan VFD Speed,sf_vfd_output
Terminal Unit Fan Start/Stop,fan
Total Flow,total_flow
Unit Heat Fan Start/Stop,fan
Unit Heat Steam Valve,stm_valve
Zone CO2 Level,zone_co2
Zone Damper,zone_damper
Zone Relative Humidity,zone_rh
Zone Temp,"zone_temp,ctrl"
Zone Temperature,lstat
Zone VOC Level,zone_voc
,
# --- Last Chance Cleanup ---,
Outdoor Temperature,oa_temp
Outdoor Humidity,oa_humd
Temperature,Temp
High,Hi
Low,Lo
Status,Sta
Running,Run
Engine,Eng
Pressure,Press
Compressor,Comp
Tower,twr
Room,Rm
Charger,Chgr
System,Sys
Fault,Flt
Warning,Warn
Emergency,Emerg
Shutdown,Shtdn
Speed,Spd
Power,pwr
Switch,sw
Discharge,disch
Humidity,humd
Remote,rem
Valve,vlv
Lockout,lck
Water,h2o
Smoke,smk
Heater,htr
Detection,det
Enable,ena
Solenoid,sol
Output,out
Custom,cust
Liquid,liq
Global,glb


